{"(18, 4)": {"1": {"time": 0.5318036079406738}, "4": {"time": 1.020188331604004}, "7": {"time": 1.6920771598815918}, "10": {"time": 6.5363523960113525}}, "time": -1.0}