{"(18, 4)": {"1": {"time": 54.85418772697449}, "4": {"time": 143.18713641166687}, "7": {"time": 787.1918754577637}, "10": {"time": 5948.459942340851}}, "time": -1.0}