{"(18, 4)": {"1": {"time": 0.24232816696166992}, "4": {"time": 2.890188694000244}, "7": {"time": 19.473220109939575}, "10": {"time": 134.9095754623413}}, "time": -1.0}